"Group","4","","","","","","","","","","","","","","","","","","","","","","","","","","","","","","","","","","","","","","","","","","","","","","","","","","","",""
"Shape ","Round","","Natural Diamond","","","","","","","","","","Lab Grown Diamond","","","","","","","","","","","","","","","","","","","","","","","","","","","","","","","","","","","","","","","",""
"Size in Carat","0.7 CT to 0.89 CT","","No.","Shape","Price","Carat","Cut","Color","Clarity"," Price /Carat","","","No.","Shape","Price","Carat","Cut","Clarity","Color"," Price /Carat","","","","","","","","","","","","","","","","","","","","","","","","","","","","","","","","",""
"","","","1","Round","2000","0.70","Ideal","D","VVS1","2857.1428571429","","","1","Round","670","0.70","Ideal","VVS1","D","957.14285714286","","","","","","","","","","","","","","","","","","","","","","","","","","","","","","","","",""
"","","","2","Round","3400","0.80","Ideal","D","VVS1","4250","","","2","Round","680","0.71","Ideal","VVS1","D","957.74647887324","","","","","","","","","","","","","","","","","","","","","","","","","","","","","","","","",""
"","","","3","Round","7730","0.89","Ideal","D","VVS1","8685.393258427","","","3","Round","700","0.74","Ideal","VVS1","D","945.94594594595","","","","","","","","","","","","","","","","","","","","","","","","","","","","","","","","",""
"","","","4","Round","2040","0.71","Ideal","E","VVS1","2873.2394366197","","","4","Round","600","0.72","Ideal","VVS1","E","833.33333333333","","","","","","","","","","","","","","","","","","","","","","","","","","","","","","","","",""
"","","","5","Round","3160","0.81","Ideal","E","VVS1","3901.2345679012","","","5","Round","610","0.73","Ideal","VVS1","E","835.61643835616","","","","","","","","","","","","","","","","","","","","","","","","","Average of  Price /Carat","Column Labels","","","","","","",""
"","","","6","Round","6460","0.87","Ideal","E","VVS1","7425.2873563218","","","6","Round","980","0.84","Ideal","VVS1","E","1166.6666666667","","","","","","","","","","","","","","","","","","","","","","","","","Row Labels","IF","VVS1","VVS2","VS1","VS2","SI1","SI2","Grand Total"
"","","","7","Round","2340","0.72","Ideal","F","VVS1","3250","","","7","Round","632","0.73","Ideal","VVS1","F","865.75342465753","","","","","","","","","","","","","","","","","","","","","","","","","D","972.897327675","953.61176063333","886.526044725","826.44986915","794.15488363333","790.32143478","763.6243386","859.17924225333"
"","","","8","Round","3210","0.80","Ideal","F","VVS1","4012.5","","","8","Round","615","0.77","Ideal","VVS1","F","798.7012987013","","","","","","","","","","","","","","","","","","","","","","","","","E","987.725468975","945.20547956667","903.32642097143","798.05292306667","687.41183785","539.335583075","660.25132273333","799.703774375"
"","","","9","Round","5360","0.86","Ideal","F","VVS1","6232.5581395349","","","9","Round","672","0.70","Ideal","VVS1","F","960","","","","","","","","","","","","","","","","","","","","","","","","","F","697.55795756667","874.81824113333","657.014469625","662.8169014","658.33907553333","460.05747126667","169.8630137","599.92799365"
"","","","10","Round","2200","0.70","Ideal","G","VVS1","3142.8571428571","","","10","Round","0","0.00","Ideal","VVS1","G","0","","","","","","","","","","","","","","","","","","","","","","","","","G","875.92592596667","184.1954023","788.16227446","841.09485263333","534.98501046667","0","0","476.40043119583"
"","","","11","Round","2280","0.74","Ideal","G","VVS1","3081.0810810811","","","11","Round","0","0.00","Ideal","VVS1","G","0","","","","","","","","","","","","","","","","","","","","","","","","","H","0","535.03477796667","481.60682994","684.14422093333","1024.3665186","180.95238096667","0","420.93599326522"
"","","","12","Round","4520","0.85","Ideal","G","VVS1","5317.6470588235","","","12","Round","0","0.00","Ideal","VVS1","G","0","","","","","","","","","","","","","","","","","","","","","","","","","I","0","0","0","548.24401866667","769.971002425","0","0","214.75527571364"
"","","","13","Round","1530","0.73","Ideal","H","VVS1","2095.8904109589","","","13","Round","641","0.87","Ideal","VVS1","G","736.7816091954","","","","","","","","","","","","","","","","","","","","","","","","","J","0","237.5","210.5263158","0","187.79342723333","195.23809523333","0","118.72254832381"
"","","","14","Round","2020","0.78","Ideal","H","VVS1","2589.7435897436","","","14","Round","562","0.70","Ideal","VVS1","H","802.85714285714","","","","","","","","","","","","","","","","","","","","","","","","","K","0","0","0","0","0","0","0","0"
"","","","15","Round","4170","0.88","Ideal","H","VVS1","4738.6363636364","","","15","Round","714","0.89","Ideal","VVS1","H","802.24719101124","","","","","","","","","","","","","","","","","","","","","","","","","Grand Total","483.19010912308","455.011695484","605.89409611842","556.354329068","593.40185028846","319.17382772593","199.21733437917","469.62527007696"
"","","","16","Round","1520","0.70","Ideal","I","VVS1","2171.4285714286","","","16","Round","0","0.00","Ideal","VVS1","H","0","","","","","","","","","","","","","","","","","","","","","","","","","","","","","","","","",""
"","","","17","Round","1730","0.77","Ideal","I","VVS1","2246.7532467532","","","17","Round","0","0.00","Ideal","VVS1","I","0","","","","","","","","","","","","","","","","","","","","","","","","","","","","","","","","",""
"","","","18","Round","1990","0.81","Ideal","I","VVS1","2456.7901234568","","","18","Round","0","0.00","Ideal","VVS1","I","0","","","","","","","","","","","","","","","","","","","","","","","","","","","","","","","","",""
"","","","19","Round","3460","0.88","Ideal","I","VVS1","3931.8181818182","","","19","Round","0","0.00","Ideal","VVS1","I","0","","","","","","","","","","","","","","","","","","","","","","","","","","","","","","","","",""
"","","","20","Round","1250","0.70","Ideal","J","VVS1","1785.7142857143","","","20","Round","513","0.72","Ideal","VVS1","J","712.5","","","","","","","","","","","","","","","","","","","","","","","","","","","","","","","","",""
"","","","21","Round","1480","0.75","Ideal","J","VVS1","1973.3333333333","","","21","Round","0","0.00","Ideal","VVS1","J","0","","","","","","","","","","","","","","","","","","","","","","","","","","","","","","","","",""
"","","","22","Round","2040","0.81","Ideal","J","VVS1","2518.5185185185","","","22","Round","0","0.00","Ideal","VVS1","J","0","","","","","","","","","","","","","","","","","","","","","","","","","","","","","","","","",""
"","","","23","Round","2440","0.86","Ideal","J","VVS1","2837.2093023256","","","23","Round","0","0.00","Ideal","VVS1","K","0","","","","","","","","","","","","","","","","","","","","","","","","","","","","","","","","",""
"","","","24","Round","1290","0.70","Ideal","K","VVS1","1842.8571428571","","","24","Round","0","0.00","Ideal","VVS1","K","0","","","","","","","","","","","","","","","","","","","","","","","","","","","","","","","","",""
"","","","25","Round","1360","0.77","Ideal","K","VVS1","1766.2337662338","","","25","Round","0","0.00","Ideal","VVS1","K","0","","","","","","","","","","","","","","","","","","","","","","","","","","","","","","","","",""
"","","","26","Round","1830","0.84","Ideal","K","VVS1","2178.5714285714","","","26","Round","600","0.70","Ideal","VVS2","D","857.14285714286","","","","","","","","","","","","","","","","","","","","","","","","","","","","","","","","",""
"","","","27","Round","2500","0.70","Ideal","D","VVS2","3571.4285714286","","","27","Round","610","0.72","Ideal","VVS2","D","847.22222222222","","","","","","","","","","","","","","","","","","","","","","","","","","","","","","","","",""
"","","","28","Round","3200","0.74","Ideal","D","VVS2","4324.3243243243","","","28","Round","620","0.73","Ideal","VVS2","D","849.31506849315","","","","","","","","","","","","","","","","","","","","","","","","","","","","","","","","",""
"","","","29","Round","3400","0.80","Ideal","D","VVS2","4250","","","29","Round","590","0.72","Ideal","VVS2","E","819.44444444444","","","","","","","","","","","","","","","","","","","","","","","","","","","","","","","","",""
"","","","30","Round","4030","0.82","Ideal","D","VVS2","4914.6341463415","","","30","Round","419","0.70","Ideal","VVS2","E","598.57142857143","","","","","","","","","","","","","","","","","","","","","","","","","","","","","","","","",""
"","","","31","Round","2390","0.70","Ideal","E","VVS2","3414.2857142857","","","31","Round","425","0.71","Ideal","VVS2","E","598.59154929577","","","","","","","","","","","","","","","","","","","","","","","","","","","","","","","","",""
"","","","32","Round","2420","0.73","Ideal","E","VVS2","3315.0684931507","","","32","Round","433","0.70","Ideal","VVS2","F","618.57142857143","","","","","","","","","","","","","","","","","","","","","","","","","","","","","","","","",""
"","","","33","Round","2890","0.80","Ideal","E","VVS2","3612.5","","","33","Round","464","0.75","Ideal","VVS2","F","618.66666666667","","","","","","","","","","","","","","","","","","","","","","","","","","","","","","","","",""
"","","","34","Round","3500","0.84","Ideal","E","VVS2","4166.6666666667","","","34","Round","538","0.82","Ideal","VVS2","F","656.09756097561","","","","","","","","","","","","","","","","","","","","","","","","","","","","","","","","",""
"","","","35","Round","1940","0.70","Ideal","F","VVS2","2771.4285714286","","","35","Round","369","0.75","Ideal","VVS2","G","492","","","","","","","","","","","","","","","","","","","","","","","","","","","","","","","","",""
"","","","36","Round","2260","0.73","Ideal","F","VVS2","3095.8904109589","","","36","Round","393","0.70","Ideal","VVS2","G","561.42857142857","","","","","","","","","","","","","","","","","","","","","","","","","","","","","","","","",""
"","","","37","Round","2320","0.74","Ideal","F","VVS2","3135.1351351351","","","37","Round","365","0.73","Ideal","VVS2","G","500","","","","","","","","","","","","","","","","","","","","","","","","","","","","","","","","",""
"","","","38","Round","2990","0.82","Ideal","F","VVS2","3646.3414634146","","","38","Round","353","0.74","Ideal","VVS2","H","477.02702702703","","","","","","","","","","","","","","","","","","","","","","","","","","","","","","","","",""
"","","","39","Round","4000","0.88","Ideal","F","VVS2","4545.4545454545","","","39","Round","357","0.77","Ideal","VVS2","H","463.63636363636","","","","","","","","","","","","","","","","","","","","","","","","","","","","","","","","",""
"","","","40","Round","1800","0.71","Ideal","G","VVS2","2535.2112676056","","","40","Round","359","0.79","Ideal","VVS2","H","454.43037974684","","","","","","","","","","","","","","","","","","","","","","","","","","","","","","","","",""
"","","","41","Round","2050","0.73","Ideal","G","VVS2","2808.2191780822","","","41","Round","0","0.00","Ideal","VVS2","I","0","","","","","","","","","","","","","","","","","","","","","","","","","","","","","","","","",""
"","","","42","Round","2420","0.81","Ideal","G","VVS2","2987.6543209877","","","42","Round","0","0.00","Ideal","VVS2","I","0","","","","","","","","","","","","","","","","","","","","","","","","","","","","","","","","",""
"","","","43","Round","2890","0.86","Ideal","G","VVS2","3360.4651162791","","","43","Round","0","0.00","Ideal","VVS2","I","0","","","","","","","","","","","","","","","","","","","","","","","","","","","","","","","","",""
"","","","44","Round","1610","0.71","Ideal","H","VVS2","2267.6056338028","","","44","Round","480","0.76","Ideal","VVS2","J","631.57894736842","","","","","","","","","","","","","","","","","","","","","","","","","","","","","","","","",""
"","","","45","Round","1671","0.74","Ideal","H","VVS2","2258.1081081081","","","45","Round","0","0.00","Ideal","VVS2","J","0","","","","","","","","","","","","","","","","","","","","","","","","","","","","","","","","",""
"","","","46","Round","2030","0.80","Ideal","H","VVS2","2537.5","","","46","Round","0","0.00","Ideal","VVS2","J","0","","","","","","","","","","","","","","","","","","","","","","","","","","","","","","","","",""
"","","","47","Round","2210","0.84","Ideal","H","VVS2","2630.9523809524","","","47","Round","0","0.00","Ideal","VVS2","K","0","","","","","","","","","","","","","","","","","","","","","","","","","","","","","","","","",""
"","","","48","Round","3010","0.88","Ideal","H","VVS2","3420.4545454545","","","48","Round","0","0.00","Ideal","VVS2","K","0","","","","","","","","","","","","","","","","","","","","","","","","","","","","","","","","",""
"","","","49","Round","1520","0.70","Ideal","I","VVS2","2171.4285714286","","","49","Round","0","0.00","Ideal","VVS2","K","0","","","","","","","","","","","","","","","","","","","","","","","","","","","","","","","","",""
"","","","50","Round","1610","0.73","Ideal","I","VVS2","2205.4794520548","","","50","Round","433","0.70","Ideal","VS1","D","618.57142857143","","","","","","","","","","","","","","","","","","","","","","","","","","","","","","","","",""
"","","","51","Round","1590","0.75","Ideal","I","VVS2","2120","","","51","Round","423","0.71","Ideal","VS1","D","595.77464788732","","","","","","","","","","","","","","","","","","","","","","","","","","","","","","","","",""
"","","","52","Round","2010","0.83","Ideal","I","VVS2","2421.686746988","","","52","Round","408","0.72","Ideal","VS1","D","566.66666666667","","","","","","","","","","","","","","","","","","","","","","","","","","","","","","","","",""
"","","","53","Round","2590","0.86","Ideal","I","VVS2","3011.6279069767","","","53","Round","432","0.70","Ideal","VS1","E","617.14285714286","","","","","","","","","","","","","","","","","","","","","","","","","","","","","","","","",""
"","","","54","Round","1140","0.70","Ideal","J","VVS2","1628.5714285714","","","54","Round","410","0.71","Ideal","VS1","E","577.46478873239","","","","","","","","","","","","","","","","","","","","","","","","","","","","","","","","",""
"","","","55","Round","1410","0.72","Ideal","J","VVS2","1958.3333333333","","","55","Round","500","0.82","Ideal","VS1","E","609.75609756098","","","","","","","","","","","","","","","","","","","","","","","","","","","","","","","","",""
"","","","56","Round","1440","0.80","Ideal","J","VVS2","1800","","","56","Round","438","0.72","Ideal","VS1","F","608.33333333333","","","","","","","","","","","","","","","","","","","","","","","","","","","","","","","","",""
"","","","57","Round","1840","0.82","Ideal","J","VVS2","2243.9024390244","","","57","Round","426","0.70","Ideal","VS1","F","608.57142857143","","","","","","","","","","","","","","","","","","","","","","","","","","","","","","","","",""
"","","","58","Round","1060","0.70","Ideal","K","VVS2","1514.2857142857","","","58","Round","432","0.71","Ideal","VS1","F","608.45070422535","","","","","","","","","","","","","","","","","","","","","","","","","","","","","","","","",""
"","","","59","Round","1210","0.74","Ideal","K","VVS2","1635.1351351351","","","59","Round","448","0.70","Ideal","VS1","G","640","","","","","","","","","","","","","","","","","","","","","","","","","","","","","","","","",""
"","","","60","Round","2190","0.85","Ideal","K","VVS2","2576.4705882353","","","60","Round","541","0.85","Ideal","VS1","G","636.47058823529","","","","","","","","","","","","","","","","","","","","","","","","","","","","","","","","",""
"","","","61","Round","2090","0.88","Ideal","K","VVS2","2375","","","61","Round","0","0.83","Ideal","VS1","G","0","","","","","","","","","","","","","","","","","","","","","","","","","","","","","","","","",""
"","","","62","Round","1720","0.70","Ideal","D","VS1","2457.1428571429","","","62","Round","489","0.81","Ideal","VS1","H","603.7037037037","","","","","","","","","","","","","","","","","","","","","","","","","","","","","","","","",""
"","","","63","Round","2120","0.73","Ideal","D","VS1","2904.1095890411","","","63","Round","374","0.72","Ideal","VS1","H","519.44444444444","","","","","","","","","","","","","","","","","","","","","","","","","","","","","","","","",""
"","","","64","Round","2400","0.76","Ideal","D","VS1","3157.8947368421","","","64","Round","351","0.70","Ideal","VS1","H","501.42857142857","","","","","","","","","","","","","","","","","","","","","","","","","","","","","","","","",""
"","","","65","Round","3310","0.80","Ideal","D","VS1","4137.5","","","65","Round","0","0.71","Ideal","VS1","I","0","","","","","","","","","","","","","","","","","","","","","","","","","","","","","","","","",""
"","","","66","Round","4120","0.85","Ideal","D","VS1","4847.0588235294","","","66","Round","388","0.72","Ideal","VS1","I","538.88888888889","","","","","","","","","","","","","","","","","","","","","","","","","","","","","","","","",""
"","","","67","Round","1640","0.70","Ideal","E","VS1","2342.8571428571","","","67","Round","391","0.74","Ideal","VS1","I","528.37837837838","","","","","","","","","","","","","","","","","","","","","","","","","","","","","","","","",""
"","","","68","Round","1960","0.72","Ideal","E","VS1","2722.2222222222","","","68","Round","0","0.83","Ideal","VS1","J","0","","","","","","","","","","","","","","","","","","","","","","","","","","","","","","","","",""
"","","","69","Round","2160","0.76","Ideal","E","VS1","2842.1052631579","","","69","Round","0","0.81","Ideal","VS1","J","0","","","","","","","","","","","","","","","","","","","","","","","","","","","","","","","","",""
"","","","70","Round","2430","0.81","Ideal","E","VS1","3000","","","70","Round","0","0.72","Ideal","VS1","J","0","","","","","","","","","","","","","","","","","","","","","","","","","","","","","","","","",""
"","","","71","Round","3030","0.86","Ideal","E","VS1","3523.2558139535","","","71","Round","0","0.83","Ideal","VS1","K","0","","","","","","","","","","","","","","","","","","","","","","","","","","","","","","","","",""
"","","","72","Round","1690","0.71","Ideal","F","VS1","2380.2816901408","","","72","Round","0","0.81","Ideal","VS1","K","0","","","","","","","","","","","","","","","","","","","","","","","","","","","","","","","","",""
"","","","73","Round","2460","0.75","Ideal","F","VS1","3280","","","73","Round","0","0.72","Ideal","VS1","K","0","","","","","","","","","","","","","","","","","","","","","","","","","","","","","","","","",""
"","","","74","Round","2620","0.80","Ideal","F","VS1","3275","","","74","Round","441","0.70","Ideal","VS2","D","630","","","","","","","","","","","","","","","","","","","","","","","","","","","","","","","","",""
"","","","75","Round","3430","0.85","Ideal","F","VS1","4035.2941176471","","","75","Round","444","0.73","Ideal","VS2","D","608.21917808219","","","","","","","","","","","","","","","","","","","","","","","","","","","","","","","","",""
"","","","76","Round","1650","0.70","Ideal","G","VS1","2357.1428571429","","","76","Round","450","0.74","Ideal","VS2","D","608.10810810811","","","","","","","","","","","","","","","","","","","","","","","","","","","","","","","","",""
"","","","77","Round","1930","0.74","Ideal","G","VS1","2608.1081081081","","","77","Round","457","0.70","Ideal","VS2","E","652.85714285714","","","","","","","","","","","","","","","","","","","","","","","","","","","","","","","","",""
"","","","78","Round","2190","0.81","Ideal","G","VS1","2703.7037037037","","","78","Round","425","0.71","Ideal","VS2","E","598.59154929577","","","","","","","","","","","","","","","","","","","","","","","","","","","","","","","","",""
"","","","79","Round","2580","0.85","Ideal","G","VS1","3035.2941176471","","","79","Round","437","0.73","Ideal","VS2","E","598.6301369863","","","","","","","","","","","","","","","","","","","","","","","","","","","","","","","","",""
"","","","80","Round","3330","0.87","Ideal","G","VS1","3827.5862068966","","","80","Round","448","0.71","Ideal","VS2","F","630.98591549296","","","","","","","","","","","","","","","","","","","","","","","","","","","","","","","","",""
"","","","81","Round","1360","0.70","Ideal","H","VS1","1942.8571428571","","","81","Round","470","0.70","Ideal","VS2","F","671.42857142857","","","","","","","","","","","","","","","","","","","","","","","","","","","","","","","","",""
"","","","82","Round","1700","0.76","Ideal","H","VS1","2236.8421052632","","","82","Round","491","0.73","Ideal","VS2","F","672.60273972603","","","","","","","","","","","","","","","","","","","","","","","","","","","","","","","","",""
"","","","83","Round","1890","0.80","Ideal","H","VS1","2362.5","","","83","Round","545","0.71","Ideal","VS2","G","767.60563380282","","","","","","","","","","","","","","","","","","","","","","","","","","","","","","","","",""
"","","","84","Round","2530","0.88","Ideal","H","VS1","2875","","","84","Round","0","0.83","Ideal","VS2","G","0","","","","","","","","","","","","","","","","","","","","","","","","","","","","","","","","",""
"","","","85","Round","1490","0.70","Ideal","I","VS1","2128.5714285714","","","85","Round","0","0.71","Ideal","VS2","G","0","","","","","","","","","","","","","","","","","","","","","","","","","","","","","","","","",""
"","","","86","Round","1570","0.74","Ideal","I","VS1","2121.6216216216","","","86","Round","0","0.80","Ideal","VS2","H","0","","","","","","","","","","","","","","","","","","","","","","","","","","","","","","","","",""
"","","","87","Round","1550","0.79","Ideal","I","VS1","1962.0253164557","","","87","Round","0","0.73","Ideal","VS2","H","0","","","","","","","","","","","","","","","","","","","","","","","","","","","","","","","","",""
"","","","88","Round","1880","0.80","Ideal","I","VS1","2350","","","88","Round","430","0.71","Ideal","VS2","H","605.6338028169","","","","","","","","","","","","","","","","","","","","","","","","","","","","","","","","",""
"","","","89","Round","2240","0.85","Ideal","I","VS1","2635.2941176471","","","89","Round","0","0.71","Ideal","VS2","I","0","","","","","","","","","","","","","","","","","","","","","","","","","","","","","","","","",""
"","","","90","Round","2330","0.86","Ideal","I","VS1","2709.3023255814","","","90","Round","536","0.85","Ideal","VS2","I","630.58823529412","","","","","","","","","","","","","","","","","","","","","","","","","","","","","","","","",""
"","","","91","Round","3070","0.89","Ideal","I","VS1","3449.4382022472","","","91","Round","351","0.70","Ideal","VS2","I","501.42857142857","","","","","","","","","","","","","","","","","","","","","","","","","","","","","","","","",""
"","","","92","Round","1110","0.70","Ideal","J","VS1","1585.7142857143","","","92","Round","400","0.71","Ideal","VS2","J","563.38028169014","","","","","","","","","","","","","","","","","","","","","","","","","","","","","","","","",""
"","","","93","Round","1270","0.74","Ideal","J","VS1","1716.2162162162","","","93","Round","0","0.83","Ideal","VS2","J","0","","","","","","","","","","","","","","","","","","","","","","","","","","","","","","","","",""
"","","","94","Round","1520","0.80","Ideal","J","VS1","1900","","","94","Round","0","0.71","Ideal","VS2","J","0","","","","","","","","","","","","","","","","","","","","","","","","","","","","","","","","",""
"","","","95","Round","1730","0.81","Ideal","J","VS1","2135.8024691358","","","95","Round","0","0.80","Ideal","VS2","K","0","","","","","","","","","","","","","","","","","","","","","","","","","","","","","","","","",""
"","","","96","Round","1120","0.70","Ideal","K","VS1","1600","","","96","Round","0","0.71","Ideal","VS2","K","0","","","","","","","","","","","","","","","","","","","","","","","","","","","","","","","","",""
"","","","97","Round","1170","0.74","Ideal","K","VS1","1581.0810810811","","","97","Round","0","0.80","Ideal","VS2","K","0","","","","","","","","","","","","","","","","","","","","","","","","","","","","","","","","",""
"","","","98","Round","1220","0.80","Ideal","K","VS1","1525","","","98","Round","540","0.72","Ideal","SI1","D","750","","","","","","","","","","","","","","","","","","","","","","","","","","","","","","","","",""
"","","","99","Round","1200","0.81","Ideal","K","VS1","1481.4814814815","","","99","Round","550","0.70","Ideal","SI1","D","785.71428571429","","","","","","","","","","","","","","","","","","","","","","","","","","","","","","","","",""
"","","","100","Round","1620","0.70","Ideal","D","VS2","2314.2857142857","","","100","Round","560","0.71","Ideal","SI1","D","788.7323943662","","","","","","","","","","","","","","","","","","","","","","","","","","","","","","","","",""
"","","","101","Round","2170","0.76","Ideal","D","VS2","2855.2631578947","","","101","Round","600","0.75","Ideal","SI1","D","800","","","","","","","","","","","","","","","","","","","","","","","","","","","","","","","","",""
"","","","102","Round","2760","0.80","Ideal","D","VS2","3450","","","102","Round","670","0.81","Ideal","SI1","D","827.16049382716","","","","","","","","","","","","","","","","","","","","","","","","","","","","","","","","",""
"","","","103","Round","3600","0.85","Ideal","D","VS2","4235.2941176471","","","103","Round","468","0.72","Ideal","SI1","E","650","","","","","","","","","","","","","","","","","","","","","","","","","","","","","","","","",""
"","","","104","Round","1830","0.72","Ideal","E","VS2","2541.6666666667","","","104","Round","375","0.72","Ideal","SI1","E","520.83333333333","","","","","","","","","","","","","","","","","","","","","","","","","","","","","","","","",""
"","","","105","Round","1910","0.75","Ideal","E","VS2","2546.6666666667","","","105","Round","397","0.81","Ideal","SI1","E","490.12345679012","","","","","","","","","","","","","","","","","","","","","","","","","","","","","","","","",""
"","","","106","Round","2180","0.80","Ideal","E","VS2","2725","","","106","Round","412","0.83","Ideal","SI1","E","496.38554216867","","","","","","","","","","","","","","","","","","","","","","","","","","","","","","","","",""
"","","","107","Round","4420","0.85","Ideal","E","VS2","5200","","","107","Round","367","0.87","Ideal","SI1","F","421.83908045977","","","","","","","","","","","","","","","","","","","","","","","","","","","","","","","","",""
"","","","108","Round","1470","0.70","Ideal","F","VS2","2100","","","108","Round","360","0.81","Ideal","SI1","F","444.44444444444","","","","","","","","","","","","","","","","","","","","","","","","","","","","","","","","",""
"","","","109","Round","1670","0.76","Ideal","F","VS2","2197.3684210526","","","109","Round","370","0.72","Ideal","SI1","F","513.88888888889","","","","","","","","","","","","","","","","","","","","","","","","","","","","","","","","",""
"","","","110","Round","2150","0.79","Ideal","F","VS2","2721.5189873418","","","110","Round","0","0.00","Ideal","SI1","G","0","","","","","","","","","","","","","","","","","","","","","","","","","","","","","","","","",""
"","","","111","Round","2270","0.81","Ideal","F","VS2","2802.4691358025","","","111","Round","0","0.00","Ideal","SI1","G","0","","","","","","","","","","","","","","","","","","","","","","","","","","","","","","","","",""
"","","","112","Round","4230","0.89","Ideal","F","VS2","4752.808988764","","","112","Round","0","0.00","Ideal","SI1","G","0","","","","","","","","","","","","","","","","","","","","","","","","","","","","","","","","",""
"","","","113","Round","1590","0.70","Ideal","G","VS2","2271.4285714286","","","113","Round","380","0.70","Ideal","SI1","H","542.85714285714","","","","","","","","","","","","","","","","","","","","","","","","","","","","","","","","",""
"","","","114","Round","1870","0.74","Ideal","G","VS2","2527.027027027","","","114","Round","0","0.00","Ideal","SI1","H","0","","","","","","","","","","","","","","","","","","","","","","","","","","","","","","","","",""
"","","","115","Round","2460","0.77","Ideal","G","VS2","3194.8051948052","","","115","Round","0","0.00","Ideal","SI1","H","0","","","","","","","","","","","","","","","","","","","","","","","","","","","","","","","","",""
"","","","116","Round","3280","0.87","Ideal","G","VS2","3770.1149425287","","","116","Round","0","0.00","Ideal","SI1","I","0","","","","","","","","","","","","","","","","","","","","","","","","","","","","","","","","",""
"","","","117","Round","1510","0.71","Ideal","H","VS2","2126.7605633803","","","117","Round","0","0.00","Ideal","SI1","I","0","","","","","","","","","","","","","","","","","","","","","","","","","","","","","","","","",""
"","","","118","Round","1900","0.77","Ideal","H","VS2","2467.5324675325","","","118","Round","0","0.00","Ideal","SI1","I","0","","","","","","","","","","","","","","","","","","","","","","","","","","","","","","","","",""
"","","","119","Round","1950","0.82","Ideal","H","VS2","2378.0487804878","","","119","Round","410","0.70","Ideal","SI1","J","585.71428571429","","","","","","","","","","","","","","","","","","","","","","","","","","","","","","","","",""
"","","","120","Round","2880","0.88","Ideal","H","VS2","3272.7272727273","","","120","Round","0","0.00","Ideal","SI1","J","0","","","","","","","","","","","","","","","","","","","","","","","","","","","","","","","","",""
"","","","121","Round","1240","0.70","Ideal","I","VS2","1771.4285714286","","","121","Round","0","0.00","Ideal","SI1","J","0","","","","","","","","","","","","","","","","","","","","","","","","","","","","","","","","",""
"","","","122","Round","1740","0.75","Ideal","I","VS2","2320","","","122","Round","0","0.00","Ideal","SI1","K","0","","","","","","","","","","","","","","","","","","","","","","","","","","","","","","","","",""
"","","","123","Round","1770","0.81","Ideal","I","VS2","2185.1851851852","","","123","Round","0","0.00","Ideal","SI1","K","0","","","","","","","","","","","","","","","","","","","","","","","","","","","","","","","","",""
"","","","124","Round","2540","0.89","Ideal","I","VS2","2853.9325842697","","","124","Round","0","0.00","Ideal","SI1","K","0","","","","","","","","","","","","","","","","","","","","","","","","","","","","","","","","",""
"","","","125","Round","1230","0.70","Ideal","J","VS2","1757.1428571429","","","125","Round","550","0.70","Ideal","SI2","D","785.71428571429","","","","","","","","","","","","","","","","","","","","","","","","","","","","","","","","",""
"","","","126","Round","1420","0.72","Ideal","J","VS2","1972.2222222222","","","126","Round","590","0.72","Ideal","SI2","D","819.44444444444","","","","","","","","","","","","","","","","","","","","","","","","","","","","","","","","",""
"","","","127","Round","1770","0.77","Ideal","J","VS2","2298.7012987013","","","127","Round","480","0.70","Ideal","SI2","D","685.71428571429","","","","","","","","","","","","","","","","","","","","","","","","","","","","","","","","",""
"","","","128","Round","2090","0.86","Ideal","J","VS2","2430.2325581395","","","128","Round","520","0.72","Ideal","SI2","E","722.22222222222","","","","","","","","","","","","","","","","","","","","","","","","","","","","","","","","",""
"","","","129","Round","970","0.70","Ideal","K","VS2","1385.7142857143","","","129","Round","530","0.70","Ideal","SI2","E","757.14285714286","","","","","","","","","","","","","","","","","","","","","","","","","","","","","","","","",""
"","","","130","Round","1070","0.75","Ideal","K","VS2","1426.6666666667","","","130","Round","361","0.72","Ideal","SI2","E","501.38888888889","","","","","","","","","","","","","","","","","","","","","","","","","","","","","","","","",""
"","","","131","Round","1380","0.80","Ideal","K","VS2","1725","","","131","Round","372","0.73","Ideal","SI2","F","509.58904109589","","","","","","","","","","","","","","","","","","","","","","","","","","","","","","","","",""
"","","","132","Round","1610","0.81","Ideal","K","VS2","1987.6543209877","","","132","Round","0","0.00","Ideal","SI2","F","0","","","","","","","","","","","","","","","","","","","","","","","","","","","","","","","","",""
"","","","133","Round","1490","0.70","Ideal","D","SI1","2128.5714285714","","","133","Round","0","0.00","Ideal","SI2","F","0","","","","","","","","","","","","","","","","","","","","","","","","","","","","","","","","",""
"","","","134","Round","1750","0.72","Ideal","D","SI1","2430.5555555556","","","134","Round","0","0.00","Ideal","SI2","G","0","","","","","","","","","","","","","","","","","","","","","","","","","","","","","","","","",""
"","","","135","Round","1820","0.75","Ideal","D","SI1","2426.6666666667","","","135","Round","0","0.00","Ideal","SI2","G","0","","","","","","","","","","","","","","","","","","","","","","","","","","","","","","","","",""
"","","","136","Round","2090","0.80","Ideal","D","SI1","2612.5","","","136","Round","0","0.00","Ideal","SI2","G","0","","","","","","","","","","","","","","","","","","","","","","","","","","","","","","","","",""
"","","","137","Round","3090","0.85","Ideal","D","SI1","3635.2941176471","","","137","Round","0","0.00","Ideal","SI2","H","0","","","","","","","","","","","","","","","","","","","","","","","","","","","","","","","","",""
"","","","138","Round","1320","0.70","Ideal","E","SI1","1885.7142857143","","","138","Round","0","0.00","Ideal","SI2","H","0","","","","","","","","","","","","","","","","","","","","","","","","","","","","","","","","",""
"","","","139","Round","1600","0.72","Ideal","E","SI1","2222.2222222222","","","139","Round","0","0.00","Ideal","SI2","H","0","","","","","","","","","","","","","","","","","","","","","","","","","","","","","","","","",""
"","","","140","Round","2000","0.80","Ideal","E","SI1","2500","","","140","Round","0","0.00","Ideal","SI2","I","0","","","","","","","","","","","","","","","","","","","","","","","","","","","","","","","","",""
"","","","141","Round","3810","0.85","Ideal","E","SI1","4482.3529411765","","","141","Round","0","0.00","Ideal","SI2","I","0","","","","","","","","","","","","","","","","","","","","","","","","","","","","","","","","",""
"","","","142","Round","1370","0.71","Ideal","F","SI1","1929.5774647887","","","142","Round","0","0.00","Ideal","SI2","I","0","","","","","","","","","","","","","","","","","","","","","","","","","","","","","","","","",""
"","","","143","Round","1780","0.74","Ideal","F","SI1","2405.4054054054","","","143","Round","0","0.00","Ideal","SI2","J","0","","","","","","","","","","","","","","","","","","","","","","","","","","","","","","","","",""
"","","","144","Round","1950","0.81","Ideal","F","SI1","2407.4074074074","","","144","Round","0","0.00","Ideal","SI2","J","0","","","","","","","","","","","","","","","","","","","","","","","","","","","","","","","","",""
"","","","145","Round","2680","0.87","Ideal","F","SI1","3080.4597701149","","","145","Round","0","0.00","Ideal","SI2","J","0","","","","","","","","","","","","","","","","","","","","","","","","","","","","","","","","",""
"","","","146","Round","1330","0.70","Ideal","G","SI1","1900","","","146","Round","0","0.00","Ideal","SI2","K","0","","","","","","","","","","","","","","","","","","","","","","","","","","","","","","","","",""
"","","","147","Round","1580","0.75","Ideal","G","SI1","2106.6666666667","","","147","Round","0","0.00","Ideal","SI2","K","0","","","","","","","","","","","","","","","","","","","","","","","","","","","","","","","","",""
"","","","148","Round","2180","0.80","Ideal","G","SI1","2725","","","148","Round","0","0.00","Ideal","SI2","K","0","","","","","","","","","","","","","","","","","","","","","","","","","","","","","","","","",""
"","","","149","Round","2400","0.84","Ideal","G","SI1","2857.1428571429","","","149","Round","800","0.78","Ideal","IF","D","1025.641025641","","","","","","","","","","","","","","","","","","","","","","","","","","","","","","","","",""
"","","","150","Round","1290","0.70","Ideal","H","SI1","1842.8571428571","","","150","Round","850","0.73","Ideal","IF","D","1164.3835616438","","","","","","","","","","","","","","","","","","","","","","","","","","","","","","","","",""
"","","","151","Round","1590","0.72","Ideal","H","SI1","2208.3333333333","","","151","Round","710","0.74","Ideal","IF","D","959.45945945946","","","","","","","","","","","","","","","","","","","","","","","","","","","","","","","","",""
"","","","152","Round","1700","0.81","Ideal","H","SI1","2098.7654320988","","","152","Round","564","0.76","Ideal","IF","D","742.10526315789","","","","","","","","","","","","","","","","","","","","","","","","","","","","","","","","",""
"","","","153","Round","2970","0.85","Ideal","H","SI1","3494.1176470588","","","153","Round","670","0.72","Ideal","IF","E","930.55555555556","","","","","","","","","","","","","","","","","","","","","","","","","","","","","","","","",""
"","","","154","Round","1260","0.71","Ideal","I","SI1","1774.6478873239","","","154","Round","700","0.75","Ideal","IF","E","933.33333333333","","","","","","","","","","","","","","","","","","","","","","","","","","","","","","","","",""
"","","","155","Round","1410","0.74","Ideal","I","SI1","1905.4054054054","","","155","Round","760","0.77","Ideal","IF","E","987.01298701299","","","","","","","","","","","","","","","","","","","","","","","","","","","","","","","","",""
"","","","156","Round","1460","0.80","Ideal","I","SI1","1825","","","156","Round","770","0.70","Ideal","IF","E","1100","","","","","","","","","","","","","","","","","","","","","","","","","","","","","","","","",""
"","","","157","Round","2310","0.85","Ideal","I","SI1","2717.6470588235","","","157","Round","800","0.86","Ideal","IF","F","930.23255813953","","","","","","","","","","","","","","","","","","","","","","","","","","","","","","","","",""
"","","","158","Round","940","0.71","Ideal","J","SI1","1323.9436619718","","","158","Round","442","0.78","Ideal","IF","F","566.66666666667","","","","","","","","","","","","","","","","","","","","","","","","","","","","","","","","",""
"","","","159","Round","1310","0.78","Ideal","J","SI1","1679.4871794872","","","159","Round","423","0.71","Ideal","IF","F","595.77464788732","","","","","","","","","","","","","","","","","","","","","","","","","","","","","","","","",""
"","","","160","Round","1350","0.87","Ideal","J","SI1","1551.724137931","","","160","Round","586","0.72","Ideal","IF","G","813.88888888889","","","","","","","","","","","","","","","","","","","","","","","","","","","","","","","","",""
"","","","161","Round","1820","0.89","Ideal","J","SI1","2044.9438202247","","","161","Round","1306","0.72","Ideal","IF","G","1813.8888888889","","","","","","","","","","","","","","","","","","","","","","","","","","","","","","","","",""
"","","","162","Round","820","0.70","Ideal","K","SI1","1171.4285714286","","","162","Round","0","0.00","Ideal","IF","G","0","","","","","","","","","","","","","","","","","","","","","","","","","","","","","","","","",""
"","","","163","Round","1080","0.72","Ideal","K","SI1","1500","","","163","Round","0","0.00","Ideal","IF","H","0","","","","","","","","","","","","","","","","","","","","","","","","","","","","","","","","",""
"","","","164","Round","1090","0.74","Ideal","K","SI1","1472.972972973","","","164","Round","0","0.00","Ideal","IF","H","0","","","","","","","","","","","","","","","","","","","","","","","","","","","","","","","","",""
"","","","165","Round","1100","0.80","Ideal","K","SI1","1375","","","165","Round","0","0.00","Ideal","IF","H","0","","","","","","","","","","","","","","","","","","","","","","","","","","","","","","","","",""
"","","","166","Round","1110","0.83","Ideal","K","SI1","1337.3493975904","","","166","Round","0","0.00","Ideal","IF","I","0","","","","","","","","","","","","","","","","","","","","","","","","","","","","","","","","",""
"","","","167","Round","1280","0.70","Ideal","D","SI2","1828.5714285714","","","167","Round","0","0.00","Ideal","IF","I","0","","","","","","","","","","","","","","","","","","","","","","","","","","","","","","","","",""
"","","","168","Round","1390","0.71","Ideal","D","SI2","1957.7464788732","","","168","Round","0","0.00","Ideal","IF","I","0","","","","","","","","","","","","","","","","","","","","","","","","","","","","","","","","",""
"","","","169","Round","1360","0.75","Ideal","D","SI2","1813.3333333333","","","169","Round","0","0.00","Ideal","IF","J","0","","","","","","","","","","","","","","","","","","","","","","","","","","","","","","","","",""
"","","","170","Round","1460","0.77","Ideal","D","SI2","1896.1038961039","","","170","Round","0","0.00","Ideal","IF","J","0","","","","","","","","","","","","","","","","","","","","","","","","","","","","","","","","",""
"","","","171","Round","2910","0.83","Ideal","D","SI2","3506.0240963855","","","171","Round","0","0.00","Ideal","IF","J","0","","","","","","","","","","","","","","","","","","","","","","","","","","","","","","","","",""
"","","","172","Round","1410","0.70","Ideal","E","SI2","2014.2857142857","","","172","Round","0","0.00","Ideal","IF","K","0","","","","","","","","","","","","","","","","","","","","","","","","","","","","","","","","",""
"","","","173","Round","1440","0.76","Ideal","E","SI2","1894.7368421053","","","173","Round","0","0.00","Ideal","IF","K","0","","","","","","","","","","","","","","","","","","","","","","","","","","","","","","","","",""
"","","","174","Round","1550","0.80","Ideal","E","SI2","1937.5","","","174","Round","0","0.00","Ideal","IF","K","0","","","","","","","","","","","","","","","","","","","","","","","","","","","","","","","","",""
"","","","175","Round","1980","0.82","Ideal","E","SI2","2414.6341463415","","","","","","","","","","","","","","","","","","","","","","","","","","","","","","","","","","","","","","","","","","",""
"","","","176","Round","2210","0.83","Ideal","E","SI2","2662.6506024096","","","","","","","","","","","","","","","","","","","","","","","","","","","","","","","","","","","","","","","","","","",""
"","","","177","Round","1150","0.70","Ideal","F","SI2","1642.8571428571","","","","","","","","","","","","","","","","","","","","","","","","","","","","","","","","","","","","","","","","","","",""
"","","","178","Round","1310","0.73","Ideal","F","SI2","1794.5205479452","","","","","","","","","","","","","","","","","","","","","","","","","","","","","","","","","","","","","","","","","","",""
"","","","179","Round","1750","0.76","Ideal","F","SI2","2302.6315789474","","","","","","","","","","","","","","","","","","","","","","","","","","","","","","","","","","","","","","","","","","",""
"","","","180","Round","1880","0.81","Ideal","F","SI2","2320.987654321","","","","","","","","","","","","","","","","","","","","","","","","","","","","","","","","","","","","","","","","","","",""
"","","","181","Round","2530","0.85","Ideal","F","SI2","2976.4705882353","","","","","","","","","","","","","","","","","","","","","","","","","","","","","","","","","","","","","","","","","","",""
"","","","182","Round","1230","0.70","Ideal","G","SI2","1757.1428571429","","","","","","","","","","","","","","","","","","","","","","","","","","","","","","","","","","","","","","","","","","",""
"","","","183","Round","1380","0.75","Ideal","G","SI2","1840","","","","","","","","","","","","","","","","","","","","","","","","","","","","","","","","","","","","","","","","","","",""
"","","","184","Round","1500","0.80","Ideal","G","SI2","1875","","","","","","","","","","","","","","","","","","","","","","","","","","","","","","","","","","","","","","","","","","",""
"","","","185","Round","1550","0.81","Ideal","G","SI2","1913.5802469136","","","","","","","","","","","","","","","","","","","","","","","","","","","","","","","","","","","","","","","","","","",""
"","","","186","Round","2220","0.87","Ideal","G","SI2","2551.724137931","","","","","","","","","","","","","","","","","","","","","","","","","","","","","","","","","","","","","","","","","","",""
"","","","187","Round","990","0.70","Ideal","H","SI2","1414.2857142857","","","","","","","","","","","","","","","","","","","","","","","","","","","","","","","","","","","","","","","","","","",""
"","","","188","Round","1420","0.71","Ideal","H","SI2","2000","","","","","","","","","","","","","","","","","","","","","","","","","","","","","","","","","","","","","","","","","","",""
"","","","189","Round","1500","0.80","Ideal","H","SI2","1875","","","","","","","","","","","","","","","","","","","","","","","","","","","","","","","","","","","","","","","","","","",""
"","","","190","Round","1730","0.89","Ideal","H","SI2","1943.8202247191","","","","","","","","","","","","","","","","","","","","","","","","","","","","","","","","","","","","","","","","","","",""
"","","","191","Round","1080","0.70","Ideal","I","SI2","1542.8571428571","","","","","","","","","","","","","","","","","","","","","","","","","","","","","","","","","","","","","","","","","","",""
"","","","192","Round","1290","0.73","Ideal","I","SI2","1767.1232876712","","","","","","","","","","","","","","","","","","","","","","","","","","","","","","","","","","","","","","","","","","",""
"","","","193","Round","1330","0.77","Ideal","I","SI2","1727.2727272727","","","","","","","","","","","","","","","","","","","","","","","","","","","","","","","","","","","","","","","","","","",""
"","","","194","Round","1340","0.80","Ideal","I","SI2","1675","","","","","","","","","","","","","","","","","","","","","","","","","","","","","","","","","","","","","","","","","","",""
"","","","195","Round","1840","0.84","Ideal","I","SI2","2190.4761904762","","","","","","","","","","","","","","","","","","","","","","","","","","","","","","","","","","","","","","","","","","",""
"","","","196","Round","1020","0.70","Ideal","J","SI2","1457.1428571429","","","","","","","","","","","","","","","","","","","","","","","","","","","","","","","","","","","","","","","","","","",""
"","","","197","Round","1120","0.74","Ideal","J","SI2","1513.5135135135","","","","","","","","","","","","","","","","","","","","","","","","","","","","","","","","","","","","","","","","","","",""
"","","","198","Round","1500","0.75","Ideal","J","SI2","2000","","","","","","","","","","","","","","","","","","","","","","","","","","","","","","","","","","","","","","","","","","",""
"","","","199","Round","1530","0.82","Ideal","J","SI2","1865.8536585366","","","","","","","","","","","","","","","","","","","","","","","","","","","","","","","","","","","","","","","","","","",""
"","","","200","Round","2330","0.87","Ideal","J","SI2","2678.1609195402","","","","","","","","","","","","","","","","","","","","","","","","","","","","","","","","","","","","","","","","","","",""
"","","","201","Round","830","0.70","Ideal","K","SI2","1185.7142857143","","","","","","","","","","","","","","","","","","","","","","","","","","","","","","","","","","","","","","","","","","",""
"","","","202","Round","900","0.71","Ideal","K","SI2","1267.6056338028","","","","","","","","","","","","","","","","","","","","","","","","","","","","","","","","","","","","","","","","","","",""
"","","","203","Round","930","0.75","Ideal","K","SI2","1240","","","","","","","","","","","","","","","","","","","","","","","","","","","","","","","","","","","","","","","","","","",""
"","","","204","Round","1240","0.84","Ideal","K","SI2","1476.1904761905","","","","","","","","","","","","","","","","","","","","","","","","","","","","","","","","","","","","","","","","","","",""
"","","","205","Round","1720","0.87","Ideal","K","SI2","1977.0114942529","","","","","","","","","","","","","","","","","","","","","","","","","","","","","","","","","","","","","","","","","","",""
"","","","206","Round","2830","0.70","Ideal","D","IF","4042.8571428571","","","","","","","","","","","","","","","","","","","","","","","","","","","","","","","","","","","","","","","","","","",""
"","","","207","Round","2860","0.73","Ideal","D","IF","3917.8082191781","","","","","","","","","","","","","","","","","","","","","","","","","","","","","","","","","","","","","","","","","","",""
"","","","208","Round","4070","0.75","Ideal","D","IF","5426.6666666667","","","","","","","","","","","","","","","","","","","","","","","","","","","","","","","","","","","","","","","","","","",""
"","","","209","Round","4870","0.80","Ideal","D","IF","6087.5","","","","","","","","","","","","","","","","","","","","","","","","","","","","","","","","","","","","","","","","","","",""
"","","","210","Round","2550","0.70","Ideal","E","IF","3642.8571428571","","","","","","","","","","","","","","","","","","","","","","","","","","","","","","","","","","","","","","","","","","",""
"","","","211","Round","4790","0.81","Ideal","E","IF","5913.5802469136","","","","","","","","","","","","","","","","","","","","","","","","","","","","","","","","","","","","","","","","","","",""
"","","","212","Round","5310","0.85","Ideal","E","IF","6247.0588235294","","","","","","","","","","","","","","","","","","","","","","","","","","","","","","","","","","","","","","","","","","",""
"","","","213","Round","4980","0.88","Ideal","E","IF","5659.0909090909","","","","","","","","","","","","","","","","","","","","","","","","","","","","","","","","","","","","","","","","","","",""
"","","","214","Round","2600","0.71","Ideal","F","IF","3661.9718309859","","","","","","","","","","","","","","","","","","","","","","","","","","","","","","","","","","","","","","","","","","",""
"","","","215","Round","2930","0.76","Ideal","F","IF","3855.2631578947","","","","","","","","","","","","","","","","","","","","","","","","","","","","","","","","","","","","","","","","","","",""
"","","","216","Round","3430","0.82","Ideal","F","IF","4182.9268292683","","","","","","","","","","","","","","","","","","","","","","","","","","","","","","","","","","","","","","","","","","",""
"","","","217","Round","3280","0.83","Ideal","F","IF","3951.8072289157","","","","","","","","","","","","","","","","","","","","","","","","","","","","","","","","","","","","","","","","","","",""
"","","","218","Round","3940","0.85","Ideal","F","IF","4635.2941176471","","","","","","","","","","","","","","","","","","","","","","","","","","","","","","","","","","","","","","","","","","",""
"","","","219","Round","2330","0.71","Ideal","G","IF","3281.6901408451","","","","","","","","","","","","","","","","","","","","","","","","","","","","","","","","","","","","","","","","","","",""
"","","","220","Round","2370","0.73","Ideal","G","IF","3246.5753424658","","","","","","","","","","","","","","","","","","","","","","","","","","","","","","","","","","","","","","","","","","",""
"","","","221","Round","2670","0.76","Ideal","G","IF","3513.1578947368","","","","","","","","","","","","","","","","","","","","","","","","","","","","","","","","","","","","","","","","","","",""
"","","","222","Round","2670","0.80","Ideal","G","IF","3337.5","","","","","","","","","","","","","","","","","","","","","","","","","","","","","","","","","","","","","","","","","","",""
"","","","223","Round","3390","0.82","Ideal","G","IF","4134.1463414634","","","","","","","","","","","","","","","","","","","","","","","","","","","","","","","","","","","","","","","","","","",""
"","","","224","Round","2000","0.71","Ideal","H","IF","2816.9014084507","","","","","","","","","","","","","","","","","","","","","","","","","","","","","","","","","","","","","","","","","","",""
"","","","225","Round","2260","0.74","Ideal","H","IF","3054.0540540541","","","","","","","","","","","","","","","","","","","","","","","","","","","","","","","","","","","","","","","","","","",""
"","","","226","Round","2610","0.75","Ideal","H","IF","3480","","","","","","","","","","","","","","","","","","","","","","","","","","","","","","","","","","","","","","","","","","",""
"","","","227","Round","2500","0.81","Ideal","H","IF","3086.4197530864","","","","","","","","","","","","","","","","","","","","","","","","","","","","","","","","","","","","","","","","","","",""
"","","","228","Round","3030","0.82","Ideal","H","IF","3695.1219512195","","","","","","","","","","","","","","","","","","","","","","","","","","","","","","","","","","","","","","","","","","",""
"","","","229","Round","1760","0.71","Ideal","I","IF","2478.8732394366","","","","","","","","","","","","","","","","","","","","","","","","","","","","","","","","","","","","","","","","","","",""
"","","","230","Round","2120","0.73","Ideal","I","IF","2904.1095890411","","","","","","","","","","","","","","","","","","","","","","","","","","","","","","","","","","","","","","","","","","",""
"","","","231","Round","2270","0.75","Ideal","I","IF","3026.6666666667","","","","","","","","","","","","","","","","","","","","","","","","","","","","","","","","","","","","","","","","","","",""
"","","","232","Round","2340","0.80","Ideal","I","IF","2925","","","","","","","","","","","","","","","","","","","","","","","","","","","","","","","","","","","","","","","","","","",""
"","","","233","Round","3100","0.84","Ideal","I","IF","3690.4761904762","","","","","","","","","","","","","","","","","","","","","","","","","","","","","","","","","","","","","","","","","","",""
"","","","234","Round","1640","0.70","Ideal","J","IF","2342.8571428571","","","","","","","","","","","","","","","","","","","","","","","","","","","","","","","","","","","","","","","","","","",""
"","","","235","Round","1750","0.71","Ideal","J","IF","2464.7887323944","","","","","","","","","","","","","","","","","","","","","","","","","","","","","","","","","","","","","","","","","","",""
"","","","236","Round","2060","0.77","Ideal","J","IF","2675.3246753247","","","","","","","","","","","","","","","","","","","","","","","","","","","","","","","","","","","","","","","","","","",""
"","","","237","Round","1950","0.81","Ideal","J","IF","2407.4074074074","","","","","","","","","","","","","","","","","","","","","","","","","","","","","","","","","","","","","","","","","","",""
"","","","238","Round","1340","0.70","Ideal","K","IF","1914.2857142857","","","","","","","","","","","","","","","","","","","","","","","","","","","","","","","","","","","","","","","","","","",""
"","","","239","Round","1400","0.76","Ideal","K","IF","1842.1052631579","","","","","","","","","","","","","","","","","","","","","","","","","","","","","","","","","","","","","","","","","","",""
"","","","240","Round","1580","0.78","Ideal","K","IF","2025.641025641","","","","","","","","","","","","","","","","","","","","","","","","","","","","","","","","","","","","","","","","","","",""
"","","","241","Round","1780","0.80","Ideal","K","IF","2225","","","","","","","","","","","","","","","","","","","","","","","","","","","","","","","","","","","","","","","","","","",""
"","","","242","Round","2440","0.81","Ideal","K","IF","3012.3456790123","","","","","","","","","","","","","","","","","","","","","","","","","","","","","","","","","","","","","","","","","","",""
"","","","","","","","","","","","","","","","","","","","","","","","","","","","","","","","","","","","","","","","","","","","","","","","","","","","","",""
